{"transform": [[0.0008305738889143044, 3.910773916412647e-05, -0.3723522336748223], [1.879829058635292e-05, -0.0008796303560579617, 0.8201376556536554], [-4.370020047591815e-05, 2.5816980471159785e-05, 1.0]], "poses": [[0.0, 0.0, 0.0], [1.19, 0.0, 0.0], [1.19, 0.8, 0.0], [0.0, 0.8, 0.0]], "height": 0.0}