{"transform": [[-3.525504731563529e-05, -0.001371519271265199, 1.3907308237850462], [0.0006722248290634443, 0.00010701336964911342, -0.1868408217156761], [3.880969299908721e-05, 0.00011600437246639815, 1.0]], "poses": [[0.0, 0.0, 0.0], [0.0, 0.8, 0.0], [1.19, 0.8, 0.0], [1.19, 0.0, 0.0]], "height": 0.0}