{"transform": [[0.0008612702388642969, 3.149788302132302e-05, -0.3846403357502618], [5.034457396129897e-06, -0.0009035172873587724, 0.8526531573941929], [-3.088035155072072e-05, 3.0060178934728363e-05, 1.0]], "poses": [[0.0, 0.0, 0.0], [1.19, 0.0, 0.0], [1.19, 0.8, 0.0], [0.0, 0.8, 0.0]], "height": 0.0}