{"poses": [[0.0, 0.0, 0.0], [0.0, 0.77, 0.0], [1.16, 0.77, 0.0], [1.16, 0.0, 0.0]], "transform": [[-0.0017669899537323867, 0.0001429183050812949, 1.029745876970522], [0.000314397871449334, -2.0384899395717363e-05, -0.18660336906839725], [-0.0017085845171492288, 0.00013033302633796187, 1.0]], "height": 0.0}