{"transform": [[0.0008393155503283574, 1.7897862464914626e-05, -0.3394970171548716], [-8.459699638676243e-06, -0.0008863162236828561, 0.8549984156204766], [-3.701386802470253e-05, 2.643357668370263e-05, 1.0]], "poses": [[0.0, 0.0, 0.0], [1.19, 0.0, 0.0], [1.19, 0.8, 0.0], [0.0, 0.8, 0.0]], "height": 0.0}