{"transform": [[0.0008268125220942472, 4.934804467454385e-05, -0.39922661251224356], [3.533763581701291e-05, -0.0008782056901191002, 0.7919465210897716], [-4.8913136527798924e-05, 2.182704884801409e-05, 1.0]], "poses": [[0.0, 0.0, 0.0], [1.19, 0.0, 0.0], [1.19, 0.8, 0.0], [0.0, 0.8, 0.0]], "height": 0.0}