{"transform": [[0.000826019515317833, 5.01180380080485e-05, -0.39596591228891964], [3.454431177971022e-05, -0.0008766433838435883, 0.7997894597078765], [-4.8808440493076033e-05, 2.2541464589308668e-05, 1.0]], "poses": [[0.0, 0.0, 0.0], [1.19, 0.0, 0.0], [1.19, 0.8, 0.0], [0.0, 0.8, 0.0]], "height": 0.0}