{"transform": [[0.0008266996239016547, 5.027227442645191e-05, -0.3992512318783424], [3.530981902879723e-05, -0.0008781682769569386, 0.7928375220750874], [-4.900859180956381e-05, 2.2603697074189668e-05, 1.0]], "poses": [[0.0, 0.0, 0.0], [1.19, 0.0, 0.0], [1.19, 0.8, 0.0], [0.0, 0.8, 0.0]], "height": 0.0}