{"transform": [[-8.324057719649596e-05, -0.0014821146926804647, 1.499391977157795], [0.0006596074423913037, 3.20586849278907e-06, -0.23404282638180265], [1.985649813071504e-05, 0.0001048312999267738, 1.0]], "poses": [[0.0, 0.0, 0.0], [0.0, 0.8, 0.0], [1.19, 0.8, 0.0], [1.19, 0.0, 0.0]], "height": 0.0}