{"transform": [[0.0008613125281280004, 3.149942960010956e-05, -0.3846592219904396], [4.699676230798627e-06, -0.0009036806009507241, 0.8529455818922964], [-3.0364308876378548e-05, 2.916032040958861e-05, 1.0]], "poses": [[0.0, 0.0, 0.0], [1.19, 0.0, 0.0], [1.19, 0.8, 0.0], [0.0, 0.8, 0.0]], "height": 0.0}