{"transform": [[0.0008584160318987886, 2.155839349517502e-05, -0.37492006142063533], [6.69923241990336e-06, -0.0009030565302029758, 0.8515246945825953], [-2.9277399363299057e-05, 2.523976355899487e-05, 1.0]], "poses": [[0.0, 0.0, 0.0], [1.19, 0.0, 0.0], [1.19, 0.8, 0.0], [0.0, 0.8, 0.0]], "height": 0.0}