{"transform": [[-1.7647164730225116e-05, -0.0013725572567952892, 1.354051263381526], [0.0006725163254335438, 0.00011511540705619241, -0.19274560235150748], [3.8121727396650125e-05, 0.00012041848310567597, 1.0]], "poses": [[0.0, 0.0, 0.0], [0.0, 0.8, 0.0], [1.19, 0.8, 0.0], [1.19, 0.0, 0.0]], "height": 0.0}