{"transform": [[-4.318272929122791e-05, -0.001462814954740343, 1.4322415824021535], [0.0006370063280854779, -1.548010517826213e-06, -0.2380159051788839], [-5.74114275447807e-06, 9.584565813600877e-05, 1.0]], "poses": [[0.0, 0.0, 0.0], [0.0, 0.8, 0.0], [1.19, 0.8, 0.0], [1.19, 0.0, 0.0]], "height": 0.0}