{"transform": [[0.0008610069984172885, -9.71791194601912e-06, -0.28083988091039375], [-2.0280886399213444e-05, -0.0009002096672683115, 0.8701357296268458], [-1.2675611583874157e-05, 1.891270832331847e-05, 1.0]], "poses": [[0.0, 0.0, 0.0], [1.19, 0.0, 0.0], [1.19, 0.8, 0.0], [0.0, 0.8, 0.0]], "height": 0.0}