{"transform": [[0.0008552939181673837, 1.4431280958954914e-05, -0.31071317572947366], [-1.4958047573150161e-05, -0.0008948814548110692, 0.8687510464005649], [-2.211651175859567e-05, 2.8456785649069713e-05, 1.0]], "poses": [[0.0, 0.0, 0.0], [1.19, 0.0, 0.0], [1.19, 0.8, 0.0], [0.0, 0.8, 0.0]], "height": 0.0}