{"transform": [[0.0008528512198814689, 1.944041933326848e-05, -0.3714982587818865], [3.0744793617970647e-06, -0.0009002925391606511, 0.8516643391248151], [-3.2794802543295916e-05, 2.4366591036236093e-05, 1.0]], "poses": [[0.0, 0.0, 0.0], [1.19, 0.0, 0.0], [1.19, 0.8, 0.0], [0.0, 0.8, 0.0]], "height": 0.0}