{"transform": [[0.0008944277612965405, 6.716250581835743e-05, -0.4490498593522537], [1.5030453273052471e-05, -0.0008780056550046504, 0.8009057926393601], [-4.932577336384212e-05, 7.501035157704227e-05, 1.0]], "poses": [[0.0, 0.0, 0.0], [1.19, 0.0, 0.0], [1.19, 0.8, 0.0], [0.0, 0.8, 0.0]], "height": 0.0}