{"height": 0.0, "transform": [[-9.969160687328965e-05, 0.002285987489228133, -0.07994190509415537], [0.0007258642665191004, 8.474301374232717e-05, -0.07664904708453327], [3.79909998609784e-05, 0.00011640456570532445, 1.0]], "poses": [[0.0, 0.0, 0.0], [0.0, 0.77, 0.0], [1.16, 0.77, 0.0], [1.16, 0.0, 0.0]]}