{"transform": [[-4.319572120050966e-05, -0.0015011897595420746, 1.469393278408121], [0.0006658671265559439, 1.559984636814161e-05, -0.2654666908693952], [8.453417673271686e-06, 0.00012134340741244748, 1.0]], "poses": [[0.0, 0.0, 0.0], [0.0, 0.8, 0.0], [1.19, 0.8, 0.0], [1.19, 0.0, 0.0]], "height": 0.0}