{"transform": [[3.987769206626045e-05, -0.0014867641924883896, 1.3507461186825638], [0.0006609683753767859, 4.408266024106692e-05, -0.2742303574691714], [1.1538144003439709e-05, 0.00011164364794685374, 1.0]], "poses": [[0.0, 0.0, 0.0], [0.0, 0.8, 0.0], [1.19, 0.8, 0.0], [1.19, 0.0, 0.0]], "height": 0.0}