{"transform": [[0.0008589000411185016, 2.8433905470817815e-05, -0.37818859139286115], [6.0203892961902e-06, -0.0009030583944285227, 0.8518309019072403], [-2.9349078954315853e-05, 2.745804078513527e-05, 1.0]], "poses": [[0.0, 0.0, 0.0], [1.19, 0.0, 0.0], [1.19, 0.8, 0.0], [0.0, 0.8, 0.0]], "height": 0.0}